CustomerID,predicted_churn_probability,cluster_id,top_shap_features
8058-DMYRU,0.4421,0,Contract_Month-to-month (+0.2478); Tenure Months (-0.2391); Dependents_No (+0.2248)
4067-HLYQI,0.3029,0,Contract_Month-to-month (+0.2478); Tenure Months (-0.2391); Dependents_No (+0.2248)
6710-HSJRD,0.4816,0,Contract_Month-to-month (+0.2478); Tenure Months (-0.2391); Dependents_No (+0.2248)
3331-HQDTW,0.4121,0,Contract_Month-to-month (+0.2478); Tenure Months (-0.2391); Dependents_No (+0.2248)
0979-PHULV,0.4454,0,Contract_Month-to-month (+0.2478); Tenure Months (-0.2391); Dependents_No (+0.2248)
5373-SFODM,0.5217,0,Contract_Month-to-month (+0.2478); Tenure Months (-0.2391); Dependents_No (+0.2248)
0410-IPFTY,0.4096,0,Contract_Month-to-month (+0.2478); Tenure Months (-0.2391); Dependents_No (+0.2248)
2478-EEWWM,0.4045,0,Contract_Month-to-month (+0.2478); Tenure Months (-0.2391); Dependents_No (+0.2248)
2277-DJJDL,0.511,0,Contract_Month-to-month (+0.2478); Tenure Months (-0.2391); Dependents_No (+0.2248)
6946-LMSQS,0.3876,0,Contract_Month-to-month (+0.2478); Tenure Months (-0.2391); Dependents_No (+0.2248)
0082-OQIQY,0.4566,0,Contract_Month-to-month (+0.2478); Tenure Months (-0.2391); Dependents_No (+0.2248)
9465-RWMXL,0.5423,0,Contract_Month-to-month (+0.2478); Tenure Months (-0.2391); Dependents_No (+0.2248)
8849-AYPTR,0.4982,0,Contract_Month-to-month (+0.2478); Tenure Months (-0.2391); Dependents_No (+0.2248)
9079-YEXQJ,0.3431,0,Contract_Month-to-month (+0.2478); Tenure Months (-0.2391); Dependents_No (+0.2248)
0899-LIIBW,0.595,0,Contract_Month-to-month (+0.2478); Tenure Months (-0.2391); Dependents_No (+0.2248)
0531-ZZJWQ,0.4567,0,Contract_Month-to-month (+0.2478); Tenure Months (-0.2391); Dependents_No (+0.2248)
2452-KDRRH,0.4009,0,Contract_Month-to-month (+0.2478); Tenure Months (-0.2391); Dependents_No (+0.2248)
2587-EKXTS,0.4506,0,Contract_Month-to-month (+0.2478); Tenure Months (-0.2391); Dependents_No (+0.2248)
0524-IAVZO,0.6259,0,Contract_Month-to-month (+0.2478); Tenure Months (-0.2391); Dependents_No (+0.2248)
0730-KOAVE,0.3482,0,Contract_Month-to-month (+0.2478); Tenure Months (-0.2391); Dependents_No (+0.2248)
0363-QJVFX,0.3381,0,Contract_Month-to-month (+0.2478); Tenure Months (-0.2391); Dependents_No (+0.2248)
9508-ILZDG,0.4442,0,Contract_Month-to-month (+0.2478); Tenure Months (-0.2391); Dependents_No (+0.2248)
2522-AHJXR,0.3355,0,Contract_Month-to-month (+0.2478); Tenure Months (-0.2391); Dependents_No (+0.2248)
2665-NPTGL,0.6396,0,Contract_Month-to-month (+0.2478); Tenure Months (-0.2391); Dependents_No (+0.2248)
7733-UDMTP,0.3318,0,Contract_Month-to-month (+0.2478); Tenure Months (-0.2391); Dependents_No (+0.2248)
0431-APWVY,0.3446,0,Contract_Month-to-month (+0.2478); Tenure Months (-0.2391); Dependents_No (+0.2248)
4735-ASGMA,0.6449,0,Contract_Month-to-month (+0.2478); Tenure Months (-0.2391); Dependents_No (+0.2248)
8714-EUHJO,0.5978,0,Contract_Month-to-month (+0.2478); Tenure Months (-0.2391); Dependents_No (+0.2248)
9710-ZUSHQ,0.414,0,Contract_Month-to-month (+0.2478); Tenure Months (-0.2391); Dependents_No (+0.2248)
2800-QQUSO,0.4981,0,Contract_Month-to-month (+0.2478); Tenure Months (-0.2391); Dependents_No (+0.2248)
0256-LTHVJ,0.5378,0,Contract_Month-to-month (+0.2478); Tenure Months (-0.2391); Dependents_No (+0.2248)
2279-AXJJK,0.3486,0,Contract_Month-to-month (+0.2478); Tenure Months (-0.2391); Dependents_No (+0.2248)
8818-DOPVL,0.5344,0,Contract_Month-to-month (+0.2478); Tenure Months (-0.2391); Dependents_No (+0.2248)
4724-WXVWF,0.3127,0,Contract_Month-to-month (+0.2478); Tenure Months (-0.2391); Dependents_No (+0.2248)
9369-XFEHK,0.4398,0,Contract_Month-to-month (+0.2478); Tenure Months (-0.2391); Dependents_No (+0.2248)
3982-XWFZQ,0.3065,0,Contract_Month-to-month (+0.2478); Tenure Months (-0.2391); Dependents_No (+0.2248)
7460-ITWWP,0.4639,0,Contract_Month-to-month (+0.2478); Tenure Months (-0.2391); Dependents_No (+0.2248)
6377-WHAOX,0.5465,0,Contract_Month-to-month (+0.2478); Tenure Months (-0.2391); Dependents_No (+0.2248)
6646-QVXLR,0.3581,0,Contract_Month-to-month (+0.2478); Tenure Months (-0.2391); Dependents_No (+0.2248)
6022-UGGSO,0.3577,0,Contract_Month-to-month (+0.2478); Tenure Months (-0.2391); Dependents_No (+0.2248)
2386-OWURY,0.3482,0,Contract_Month-to-month (+0.2478); Tenure Months (-0.2391); Dependents_No (+0.2248)
8709-KRDVL,0.5843,0,Contract_Month-to-month (+0.2478); Tenure Months (-0.2391); Dependents_No (+0.2248)
8988-ECPJR,0.4426,0,Contract_Month-to-month (+0.2478); Tenure Months (-0.2391); Dependents_No (+0.2248)
8397-MVTAZ,0.6764,0,Contract_Month-to-month (+0.2478); Tenure Months (-0.2391); Dependents_No (+0.2248)
8840-DQLGN,0.3482,0,Contract_Month-to-month (+0.2478); Tenure Months (-0.2391); Dependents_No (+0.2248)
7067-KSAZT,0.3512,0,Contract_Month-to-month (+0.2478); Tenure Months (-0.2391); Dependents_No (+0.2248)
8938-UMKPI,0.5237,0,Contract_Month-to-month (+0.2478); Tenure Months (-0.2391); Dependents_No (+0.2248)
1751-NCDLI,0.6308,0,Contract_Month-to-month (+0.2478); Tenure Months (-0.2391); Dependents_No (+0.2248)
9812-GHVRI,0.3406,0,Contract_Month-to-month (+0.2478); Tenure Months (-0.2391); Dependents_No (+0.2248)
5575-TPIZQ,0.3153,0,Contract_Month-to-month (+0.2478); Tenure Months (-0.2391); Dependents_No (+0.2248)
9819-FBNSV,0.357,0,Contract_Month-to-month (+0.2478); Tenure Months (-0.2391); Dependents_No (+0.2248)
4817-VYYWS,0.598,0,Contract_Month-to-month (+0.2478); Tenure Months (-0.2391); Dependents_No (+0.2248)
8033-VCZGH,0.346,0,Contract_Month-to-month (+0.2478); Tenure Months (-0.2391); Dependents_No (+0.2248)
6128-AQBMT,0.4658,0,Contract_Month-to-month (+0.2478); Tenure Months (-0.2391); Dependents_No (+0.2248)
5213-TWWJU,0.3176,0,Contract_Month-to-month (+0.2478); Tenure Months (-0.2391); Dependents_No (+0.2248)
3312-ZWLGF,0.5033,0,Contract_Month-to-month (+0.2478); Tenure Months (-0.2391); Dependents_No (+0.2248)
9286-DOJGF,0.4432,0,Contract_Month-to-month (+0.2478); Tenure Months (-0.2391); Dependents_No (+0.2248)
3923-CSIHK,0.3817,0,Contract_Month-to-month (+0.2478); Tenure Months (-0.2391); Dependents_No (+0.2248)
7398-LXGYX,0.313,0,Contract_Month-to-month (+0.2478); Tenure Months (-0.2391); Dependents_No (+0.2248)
0422-UXFAP,0.4161,0,Contract_Month-to-month (+0.2478); Tenure Months (-0.2391); Dependents_No (+0.2248)
4760-THGOT,0.4428,0,Contract_Month-to-month (+0.2478); Tenure Months (-0.2391); Dependents_No (+0.2248)
6481-ESCNL,0.4602,0,Contract_Month-to-month (+0.2478); Tenure Months (-0.2391); Dependents_No (+0.2248)
0963-ZBDRN,0.4537,0,Contract_Month-to-month (+0.2478); Tenure Months (-0.2391); Dependents_No (+0.2248)
7529-ZDFXI,0.4887,0,Contract_Month-to-month (+0.2478); Tenure Months (-0.2391); Dependents_No (+0.2248)
2924-KHUVI,0.3204,0,Contract_Month-to-month (+0.2478); Tenure Months (-0.2391); Dependents_No (+0.2248)
5281-BUZGT,0.4555,0,Contract_Month-to-month (+0.2478); Tenure Months (-0.2391); Dependents_No (+0.2248)
9944-AEXBM,0.4648,0,Contract_Month-to-month (+0.2478); Tenure Months (-0.2391); Dependents_No (+0.2248)
6845-RGTYS,0.4211,0,Contract_Month-to-month (+0.2478); Tenure Months (-0.2391); Dependents_No (+0.2248)
3312-UUMZW,0.5673,0,Contract_Month-to-month (+0.2478); Tenure Months (-0.2391); Dependents_No (+0.2248)
1035-IPQPU,0.5371,0,Contract_Month-to-month (+0.2478); Tenure Months (-0.2391); Dependents_No (+0.2248)
2439-LYPMQ,0.6394,0,Contract_Month-to-month (+0.2478); Tenure Months (-0.2391); Dependents_No (+0.2248)
6543-XRMYR,0.6089,0,Contract_Month-to-month (+0.2478); Tenure Months (-0.2391); Dependents_No (+0.2248)
6284-KMNUF,0.3097,0,Contract_Month-to-month (+0.2478); Tenure Months (-0.2391); Dependents_No (+0.2248)
6815-ABQFQ,0.3124,0,Contract_Month-to-month (+0.2478); Tenure Months (-0.2391); Dependents_No (+0.2248)
9450-TRJUU,0.4409,0,Contract_Month-to-month (+0.2478); Tenure Months (-0.2391); Dependents_No (+0.2248)
0576-WNXXC,0.6224,0,Contract_Month-to-month (+0.2478); Tenure Months (-0.2391); Dependents_No (+0.2248)
7056-IMHCC,0.5972,0,Contract_Month-to-month (+0.2478); Tenure Months (-0.2391); Dependents_No (+0.2248)
9576-SYUHJ,0.4417,0,Contract_Month-to-month (+0.2478); Tenure Months (-0.2391); Dependents_No (+0.2248)
9822-WMWVG,0.3185,0,Contract_Month-to-month (+0.2478); Tenure Months (-0.2391); Dependents_No (+0.2248)
6899-PPEEA,0.6083,0,Contract_Month-to-month (+0.2478); Tenure Months (-0.2391); Dependents_No (+0.2248)
9278-VZKCD,0.5017,0,Contract_Month-to-month (+0.2478); Tenure Months (-0.2391); Dependents_No (+0.2248)
2293-IJWPS,0.3189,0,Contract_Month-to-month (+0.2478); Tenure Months (-0.2391); Dependents_No (+0.2248)
3325-FUYCG,0.3187,0,Contract_Month-to-month (+0.2478); Tenure Months (-0.2391); Dependents_No (+0.2248)
5461-QKNTN,0.4681,0,Contract_Month-to-month (+0.2478); Tenure Months (-0.2391); Dependents_No (+0.2248)
3672-YITQD,0.6068,0,Contract_Month-to-month (+0.2478); Tenure Months (-0.2391); Dependents_No (+0.2248)
1587-FKLZB,0.4743,0,Contract_Month-to-month (+0.2478); Tenure Months (-0.2391); Dependents_No (+0.2248)
1833-TCXKK,0.5224,0,Contract_Month-to-month (+0.2478); Tenure Months (-0.2391); Dependents_No (+0.2248)
6173-GOLSU,0.4545,0,Contract_Month-to-month (+0.2478); Tenure Months (-0.2391); Dependents_No (+0.2248)
6661-HBGWL,0.4662,0,Contract_Month-to-month (+0.2478); Tenure Months (-0.2391); Dependents_No (+0.2248)
0058-EVZWM,0.3544,0,Contract_Month-to-month (+0.2478); Tenure Months (-0.2391); Dependents_No (+0.2248)
1550-LOAHA,0.3156,0,Contract_Month-to-month (+0.2478); Tenure Months (-0.2391); Dependents_No (+0.2248)
8696-JKZNU,0.4649,0,Contract_Month-to-month (+0.2478); Tenure Months (-0.2391); Dependents_No (+0.2248)
8621-MNIHH,0.5846,0,Contract_Month-to-month (+0.2478); Tenure Months (-0.2391); Dependents_No (+0.2248)
8785-CJSHH,0.5411,0,Contract_Month-to-month (+0.2478); Tenure Months (-0.2391); Dependents_No (+0.2248)
5650-YLIBA,0.4615,0,Contract_Month-to-month (+0.2478); Tenure Months (-0.2391); Dependents_No (+0.2248)
5144-TVGLP,0.5161,0,Contract_Month-to-month (+0.2478); Tenure Months (-0.2391); Dependents_No (+0.2248)
7279-BUYWN,0.478,0,Contract_Month-to-month (+0.2478); Tenure Months (-0.2391); Dependents_No (+0.2248)
3756-VNWDH,0.3025,0,Contract_Month-to-month (+0.2478); Tenure Months (-0.2391); Dependents_No (+0.2248)
1989-PRJHP,0.5823,0,Contract_Month-to-month (+0.2478); Tenure Months (-0.2391); Dependents_No (+0.2248)
4840-ORQXB,0.4131,0,Contract_Month-to-month (+0.2478); Tenure Months (-0.2391); Dependents_No (+0.2248)
4829-AUOAX,0.3807,0,Contract_Month-to-month (+0.2478); Tenure Months (-0.2391); Dependents_No (+0.2248)
5301-GAUUY,0.3705,0,Contract_Month-to-month (+0.2478); Tenure Months (-0.2391); Dependents_No (+0.2248)
0823-HSCDJ,0.3576,0,Contract_Month-to-month (+0.2478); Tenure Months (-0.2391); Dependents_No (+0.2248)
4983-CLMLV,0.4013,0,Contract_Month-to-month (+0.2478); Tenure Months (-0.2391); Dependents_No (+0.2248)
3207-OYBWH,0.4136,0,Contract_Month-to-month (+0.2478); Tenure Months (-0.2391); Dependents_No (+0.2248)
8914-RBTSB,0.5076,0,Contract_Month-to-month (+0.2478); Tenure Months (-0.2391); Dependents_No (+0.2248)
6651-AZVTJ,0.6216,0,Contract_Month-to-month (+0.2478); Tenure Months (-0.2391); Dependents_No (+0.2248)
0310-MVLET,0.5341,0,Contract_Month-to-month (+0.2478); Tenure Months (-0.2391); Dependents_No (+0.2248)
6711-VTNRE,0.3464,0,Contract_Month-to-month (+0.2478); Tenure Months (-0.2391); Dependents_No (+0.2248)
5889-JTMUL,0.5318,0,Contract_Month-to-month (+0.2478); Tenure Months (-0.2391); Dependents_No (+0.2248)
0471-ARVMX,0.3027,0,Contract_Month-to-month (+0.2478); Tenure Months (-0.2391); Dependents_No (+0.2248)
2190-BCXEC,0.3378,0,Contract_Month-to-month (+0.2478); Tenure Months (-0.2391); Dependents_No (+0.2248)
5331-RGMTT,0.5192,0,Contract_Month-to-month (+0.2478); Tenure Months (-0.2391); Dependents_No (+0.2248)
1357-BIJKI,0.3957,0,Contract_Month-to-month (+0.2478); Tenure Months (-0.2391); Dependents_No (+0.2248)
2101-RANCD,0.3761,0,Contract_Month-to-month (+0.2478); Tenure Months (-0.2391); Dependents_No (+0.2248)
2754-SDJRD,0.7021,1,Tenure Months (+0.5248); Contract_Month-to-month (+0.3151); Contract_Two year (+0.2166)
0365-GXEZS,0.3764,1,Tenure Months (+0.5248); Contract_Month-to-month (+0.3151); Contract_Two year (+0.2166)
4686-UXDML,0.5649,1,Tenure Months (+0.5248); Contract_Month-to-month (+0.3151); Contract_Two year (+0.2166)
2227-JRSJX,0.3967,1,Tenure Months (+0.5248); Contract_Month-to-month (+0.3151); Contract_Two year (+0.2166)
4690-LLKUA,0.3069,1,Tenure Months (+0.5248); Contract_Month-to-month (+0.3151); Contract_Two year (+0.2166)
4706-AXVKM,0.6593,1,Tenure Months (+0.5248); Contract_Month-to-month (+0.3151); Contract_Two year (+0.2166)
1894-IGFSG,0.493,1,Tenure Months (+0.5248); Contract_Month-to-month (+0.3151); Contract_Two year (+0.2166)
0871-URUWO,0.7204,1,Tenure Months (+0.5248); Contract_Month-to-month (+0.3151); Contract_Two year (+0.2166)
4208-UFFGW,0.3758,1,Tenure Months (+0.5248); Contract_Month-to-month (+0.3151); Contract_Two year (+0.2166)
9851-KIELU,0.5385,1,Tenure Months (+0.5248); Contract_Month-to-month (+0.3151); Contract_Two year (+0.2166)
3199-XGZCY,0.695,1,Tenure Months (+0.5248); Contract_Month-to-month (+0.3151); Contract_Two year (+0.2166)
4226-KKDON,0.3833,1,Tenure Months (+0.5248); Contract_Month-to-month (+0.3151); Contract_Two year (+0.2166)
6825-UYPFK,0.369,1,Tenure Months (+0.5248); Contract_Month-to-month (+0.3151); Contract_Two year (+0.2166)
2754-XBHTB,0.5833,1,Tenure Months (+0.5248); Contract_Month-to-month (+0.3151); Contract_Two year (+0.2166)
7534-BFESC,0.5448,1,Tenure Months (+0.5248); Contract_Month-to-month (+0.3151); Contract_Two year (+0.2166)
9283-LZQOH,0.5795,1,Tenure Months (+0.5248); Contract_Month-to-month (+0.3151); Contract_Two year (+0.2166)
8873-GLDMH,0.6517,1,Tenure Months (+0.5248); Contract_Month-to-month (+0.3151); Contract_Two year (+0.2166)
9907-SWKKF,0.5103,1,Tenure Months (+0.5248); Contract_Month-to-month (+0.3151); Contract_Two year (+0.2166)
4658-HCOHW,0.5475,1,Tenure Months (+0.5248); Contract_Month-to-month (+0.3151); Contract_Two year (+0.2166)
2860-RANUS,0.5486,1,Tenure Months (+0.5248); Contract_Month-to-month (+0.3151); Contract_Two year (+0.2166)
6234-PFPXL,0.3539,1,Tenure Months (+0.5248); Contract_Month-to-month (+0.3151); Contract_Two year (+0.2166)
3858-VOBET,0.5405,1,Tenure Months (+0.5248); Contract_Month-to-month (+0.3151); Contract_Two year (+0.2166)
1768-ZAIFU,0.6686,1,Tenure Months (+0.5248); Contract_Month-to-month (+0.3151); Contract_Two year (+0.2166)
9221-OTIVJ,0.7122,1,Tenure Months (+0.5248); Contract_Month-to-month (+0.3151); Contract_Two year (+0.2166)
2482-CZGBB,0.5909,1,Tenure Months (+0.5248); Contract_Month-to-month (+0.3151); Contract_Two year (+0.2166)
4695-VADHF,0.3252,1,Tenure Months (+0.5248); Contract_Month-to-month (+0.3151); Contract_Two year (+0.2166)
9638-JIQYA,0.5306,1,Tenure Months (+0.5248); Contract_Month-to-month (+0.3151); Contract_Two year (+0.2166)
1024-GUALD,0.7149,1,Tenure Months (+0.5248); Contract_Month-to-month (+0.3151); Contract_Two year (+0.2166)
7587-RZNME,0.4807,1,Tenure Months (+0.5248); Contract_Month-to-month (+0.3151); Contract_Two year (+0.2166)
1346-UFHAX,0.4254,1,Tenure Months (+0.5248); Contract_Month-to-month (+0.3151); Contract_Two year (+0.2166)
5419-KLXBN,0.4427,1,Tenure Months (+0.5248); Contract_Month-to-month (+0.3151); Contract_Two year (+0.2166)
6712-OAWRH,0.5662,1,Tenure Months (+0.5248); Contract_Month-to-month (+0.3151); Contract_Two year (+0.2166)
9381-NDKME,0.436,1,Tenure Months (+0.5248); Contract_Month-to-month (+0.3151); Contract_Two year (+0.2166)
2178-PMGCJ,0.3792,1,Tenure Months (+0.5248); Contract_Month-to-month (+0.3151); Contract_Two year (+0.2166)
5606-AMZBO,0.5695,1,Tenure Months (+0.5248); Contract_Month-to-month (+0.3151); Contract_Two year (+0.2166)
6175-IRFIT,0.5745,1,Tenure Months (+0.5248); Contract_Month-to-month (+0.3151); Contract_Two year (+0.2166)
6317-YPKDH,0.476,1,Tenure Months (+0.5248); Contract_Month-to-month (+0.3151); Contract_Two year (+0.2166)
0599-XNYDO,0.4546,1,Tenure Months (+0.5248); Contract_Month-to-month (+0.3151); Contract_Two year (+0.2166)
2604-IJPDU,0.4061,1,Tenure Months (+0.5248); Contract_Month-to-month (+0.3151); Contract_Two year (+0.2166)
2501-XWWTZ,0.488,1,Tenure Months (+0.5248); Contract_Month-to-month (+0.3151); Contract_Two year (+0.2166)
4526-ZJJTM,0.3615,1,Tenure Months (+0.5248); Contract_Month-to-month (+0.3151); Contract_Two year (+0.2166)
0330-IVZHA,0.6335,1,Tenure Months (+0.5248); Contract_Month-to-month (+0.3151); Contract_Two year (+0.2166)
4229-CZMLL,0.7267,1,Tenure Months (+0.5248); Contract_Month-to-month (+0.3151); Contract_Two year (+0.2166)
0742-MOABM,0.3034,1,Tenure Months (+0.5248); Contract_Month-to-month (+0.3151); Contract_Two year (+0.2166)
6304-IJFSQ,0.3884,1,Tenure Months (+0.5248); Contract_Month-to-month (+0.3151); Contract_Two year (+0.2166)
4283-FUTGF,0.574,1,Tenure Months (+0.5248); Contract_Month-to-month (+0.3151); Contract_Two year (+0.2166)
4619-EVPHY,0.4115,1,Tenure Months (+0.5248); Contract_Month-to-month (+0.3151); Contract_Two year (+0.2166)
4223-WOZCM,0.3891,1,Tenure Months (+0.5248); Contract_Month-to-month (+0.3151); Contract_Two year (+0.2166)
1261-FWTTE,0.3861,1,Tenure Months (+0.5248); Contract_Month-to-month (+0.3151); Contract_Two year (+0.2166)
1100-DDVRV,0.531,1,Tenure Months (+0.5248); Contract_Month-to-month (+0.3151); Contract_Two year (+0.2166)
3338-CVVEH,0.712,1,Tenure Months (+0.5248); Contract_Month-to-month (+0.3151); Contract_Two year (+0.2166)
6892-XPFPU,0.7101,1,Tenure Months (+0.5248); Contract_Month-to-month (+0.3151); Contract_Two year (+0.2166)
4115-NZRKS,0.7523,1,Tenure Months (+0.5248); Contract_Month-to-month (+0.3151); Contract_Two year (+0.2166)
6319-IEJWJ,0.6652,1,Tenure Months (+0.5248); Contract_Month-to-month (+0.3151); Contract_Two year (+0.2166)
8443-ZRDBZ,0.7655,1,Tenure Months (+0.5248); Contract_Month-to-month (+0.3151); Contract_Two year (+0.2166)
3677-IYRBF,0.645,1,Tenure Months (+0.5248); Contract_Month-to-month (+0.3151); Contract_Two year (+0.2166)
8393-DLHGA,0.5355,1,Tenure Months (+0.5248); Contract_Month-to-month (+0.3151); Contract_Two year (+0.2166)
0952-KMEEH,0.4943,1,Tenure Months (+0.5248); Contract_Month-to-month (+0.3151); Contract_Two year (+0.2166)
4919-IKATY,0.7341,1,Tenure Months (+0.5248); Contract_Month-to-month (+0.3151); Contract_Two year (+0.2166)
1169-WCVAK,0.3495,1,Tenure Months (+0.5248); Contract_Month-to-month (+0.3151); Contract_Two year (+0.2166)
6402-EJMWF,0.4736,1,Tenure Months (+0.5248); Contract_Month-to-month (+0.3151); Contract_Two year (+0.2166)
9572-WUKSB,0.597,1,Tenure Months (+0.5248); Contract_Month-to-month (+0.3151); Contract_Two year (+0.2166)
8805-JNRAZ,0.3436,1,Tenure Months (+0.5248); Contract_Month-to-month (+0.3151); Contract_Two year (+0.2166)
3069-SSVSN,0.3194,1,Tenure Months (+0.5248); Contract_Month-to-month (+0.3151); Contract_Two year (+0.2166)
8132-YPVBX,0.6118,1,Tenure Months (+0.5248); Contract_Month-to-month (+0.3151); Contract_Two year (+0.2166)
1302-UHBDD,0.5178,1,Tenure Months (+0.5248); Contract_Month-to-month (+0.3151); Contract_Two year (+0.2166)
1335-NTIUC,0.5281,1,Tenure Months (+0.5248); Contract_Month-to-month (+0.3151); Contract_Two year (+0.2166)
2694-CIUMO,0.4973,1,Tenure Months (+0.5248); Contract_Month-to-month (+0.3151); Contract_Two year (+0.2166)
2027-FECZV,0.7586,1,Tenure Months (+0.5248); Contract_Month-to-month (+0.3151); Contract_Two year (+0.2166)
1658-TJVOA,0.5621,1,Tenure Months (+0.5248); Contract_Month-to-month (+0.3151); Contract_Two year (+0.2166)
6328-ZPBGN,0.7285,1,Tenure Months (+0.5248); Contract_Month-to-month (+0.3151); Contract_Two year (+0.2166)
6770-XUAGN,0.4243,1,Tenure Months (+0.5248); Contract_Month-to-month (+0.3151); Contract_Two year (+0.2166)
2919-HBCJO,0.5829,1,Tenure Months (+0.5248); Contract_Month-to-month (+0.3151); Contract_Two year (+0.2166)
9054-FOWNV,0.3171,1,Tenure Months (+0.5248); Contract_Month-to-month (+0.3151); Contract_Two year (+0.2166)
1092-GANHU,0.4829,1,Tenure Months (+0.5248); Contract_Month-to-month (+0.3151); Contract_Two year (+0.2166)
7029-RPUAV,0.6963,1,Tenure Months (+0.5248); Contract_Month-to-month (+0.3151); Contract_Two year (+0.2166)
7209-JCUDS,0.726,1,Tenure Months (+0.5248); Contract_Month-to-month (+0.3151); Contract_Two year (+0.2166)
2485-ITVKB,0.7542,1,Tenure Months (+0.5248); Contract_Month-to-month (+0.3151); Contract_Two year (+0.2166)
7928-VJYAB,0.3383,1,Tenure Months (+0.5248); Contract_Month-to-month (+0.3151); Contract_Two year (+0.2166)
1522-VVDMG,0.6598,1,Tenure Months (+0.5248); Contract_Month-to-month (+0.3151); Contract_Two year (+0.2166)
7277-OZCGZ,0.3489,1,Tenure Months (+0.5248); Contract_Month-to-month (+0.3151); Contract_Two year (+0.2166)
9741-YLNTD,0.6501,1,Tenure Months (+0.5248); Contract_Month-to-month (+0.3151); Contract_Two year (+0.2166)
1205-WNWPJ,0.346,1,Tenure Months (+0.5248); Contract_Month-to-month (+0.3151); Contract_Two year (+0.2166)
6000-APYLU,0.6657,1,Tenure Months (+0.5248); Contract_Month-to-month (+0.3151); Contract_Two year (+0.2166)
5129-JLPIS,0.4,1,Tenure Months (+0.5248); Contract_Month-to-month (+0.3151); Contract_Two year (+0.2166)
2971-SGAFL,0.4537,1,Tenure Months (+0.5248); Contract_Month-to-month (+0.3151); Contract_Two year (+0.2166)
1112-CUNAO,0.5557,1,Tenure Months (+0.5248); Contract_Month-to-month (+0.3151); Contract_Two year (+0.2166)
7470-MCQTK,0.5729,1,Tenure Months (+0.5248); Contract_Month-to-month (+0.3151); Contract_Two year (+0.2166)
4581-LNWUM,0.4986,1,Tenure Months (+0.5248); Contract_Month-to-month (+0.3151); Contract_Two year (+0.2166)
8160-HOWOX,0.5681,1,Tenure Months (+0.5248); Contract_Month-to-month (+0.3151); Contract_Two year (+0.2166)
6969-MVBAI,0.7576,1,Tenure Months (+0.5248); Contract_Month-to-month (+0.3151); Contract_Two year (+0.2166)
4905-JEFDW,0.4046,1,Tenure Months (+0.5248); Contract_Month-to-month (+0.3151); Contract_Two year (+0.2166)
2782-LFZVW,0.4669,1,Tenure Months (+0.5248); Contract_Month-to-month (+0.3151); Contract_Two year (+0.2166)
0015-UOCOJ,0.3413,1,Tenure Months (+0.5248); Contract_Month-to-month (+0.3151); Contract_Two year (+0.2166)
4547-LYTDD,0.489,1,Tenure Months (+0.5248); Contract_Month-to-month (+0.3151); Contract_Two year (+0.2166)
2041-JIJCI,0.598,1,Tenure Months (+0.5248); Contract_Month-to-month (+0.3151); Contract_Two year (+0.2166)
3292-PBZEJ,0.7156,1,Tenure Months (+0.5248); Contract_Month-to-month (+0.3151); Contract_Two year (+0.2166)
5016-IBERQ,0.4884,1,Tenure Months (+0.5248); Contract_Month-to-month (+0.3151); Contract_Two year (+0.2166)
1016-DJTSV,0.6261,1,Tenure Months (+0.5248); Contract_Month-to-month (+0.3151); Contract_Two year (+0.2166)
6227-HWPWX,0.3248,1,Tenure Months (+0.5248); Contract_Month-to-month (+0.3151); Contract_Two year (+0.2166)
7579-OOPEC,0.4102,1,Tenure Months (+0.5248); Contract_Month-to-month (+0.3151); Contract_Two year (+0.2166)
4750-ZRXIU,0.8218,1,Tenure Months (+0.5248); Contract_Month-to-month (+0.3151); Contract_Two year (+0.2166)
4570-QHXHL,0.3926,1,Tenure Months (+0.5248); Contract_Month-to-month (+0.3151); Contract_Two year (+0.2166)
1902-XBTFB,0.4904,1,Tenure Months (+0.5248); Contract_Month-to-month (+0.3151); Contract_Two year (+0.2166)
1465-LNTLJ,0.4013,1,Tenure Months (+0.5248); Contract_Month-to-month (+0.3151); Contract_Two year (+0.2166)
8650-RHRKE,0.5841,1,Tenure Months (+0.5248); Contract_Month-to-month (+0.3151); Contract_Two year (+0.2166)
0988-JRWWP,0.5642,1,Tenure Months (+0.5248); Contract_Month-to-month (+0.3151); Contract_Two year (+0.2166)
0876-WDUUZ,0.5702,1,Tenure Months (+0.5248); Contract_Month-to-month (+0.3151); Contract_Two year (+0.2166)
7881-EVUAD,0.5994,1,Tenure Months (+0.5248); Contract_Month-to-month (+0.3151); Contract_Two year (+0.2166)
9167-APMXZ,0.5302,1,Tenure Months (+0.5248); Contract_Month-to-month (+0.3151); Contract_Two year (+0.2166)
0616-ATFGB,0.6519,1,Tenure Months (+0.5248); Contract_Month-to-month (+0.3151); Contract_Two year (+0.2166)
7273-TEFQD,0.697,1,Tenure Months (+0.5248); Contract_Month-to-month (+0.3151); Contract_Two year (+0.2166)
8245-UMPYT,0.7256,1,Tenure Months (+0.5248); Contract_Month-to-month (+0.3151); Contract_Two year (+0.2166)
3908-BLSYF,0.6183,1,Tenure Months (+0.5248); Contract_Month-to-month (+0.3151); Contract_Two year (+0.2166)
8083-YTZES,0.7556,1,Tenure Months (+0.5248); Contract_Month-to-month (+0.3151); Contract_Two year (+0.2166)
1236-WFCDV,0.4769,1,Tenure Months (+0.5248); Contract_Month-to-month (+0.3151); Contract_Two year (+0.2166)
5949-HGVJL,0.3205,1,Tenure Months (+0.5248); Contract_Month-to-month (+0.3151); Contract_Two year (+0.2166)
3585-ISXZP,0.6785,1,Tenure Months (+0.5248); Contract_Month-to-month (+0.3151); Contract_Two year (+0.2166)
2025-JKFWI,0.6003,1,Tenure Months (+0.5248); Contract_Month-to-month (+0.3151); Contract_Two year (+0.2166)
4445-ZJNMU,0.7132,1,Tenure Months (+0.5248); Contract_Month-to-month (+0.3151); Contract_Two year (+0.2166)
6979-ZNSFF,0.7653,1,Tenure Months (+0.5248); Contract_Month-to-month (+0.3151); Contract_Two year (+0.2166)
9866-QEVEE,0.5489,1,Tenure Months (+0.5248); Contract_Month-to-month (+0.3151); Contract_Two year (+0.2166)
4587-VVTOX,0.8467,1,Tenure Months (+0.5248); Contract_Month-to-month (+0.3151); Contract_Two year (+0.2166)
6284-AHOOQ,0.4695,1,Tenure Months (+0.5248); Contract_Month-to-month (+0.3151); Contract_Two year (+0.2166)
4301-VVZKA,0.6501,1,Tenure Months (+0.5248); Contract_Month-to-month (+0.3151); Contract_Two year (+0.2166)
2606-RMDHZ,0.4435,1,Tenure Months (+0.5248); Contract_Month-to-month (+0.3151); Contract_Two year (+0.2166)
4631-OACRM,0.573,1,Tenure Months (+0.5248); Contract_Month-to-month (+0.3151); Contract_Two year (+0.2166)
4360-PNRQB,0.492,1,Tenure Months (+0.5248); Contract_Month-to-month (+0.3151); Contract_Two year (+0.2166)
3030-YDNRM,0.6972,1,Tenure Months (+0.5248); Contract_Month-to-month (+0.3151); Contract_Two year (+0.2166)
9992-UJOEL,0.4328,1,Tenure Months (+0.5248); Contract_Month-to-month (+0.3151); Contract_Two year (+0.2166)
8778-LMWTJ,0.5113,1,Tenure Months (+0.5248); Contract_Month-to-month (+0.3151); Contract_Two year (+0.2166)
9840-DVNDC,0.624,1,Tenure Months (+0.5248); Contract_Month-to-month (+0.3151); Contract_Two year (+0.2166)
6257-RJOHI,0.3269,1,Tenure Months (+0.5248); Contract_Month-to-month (+0.3151); Contract_Two year (+0.2166)
7363-QTBIW,0.7241,1,Tenure Months (+0.5248); Contract_Month-to-month (+0.3151); Contract_Two year (+0.2166)
6158-HDPXZ,0.5032,1,Tenure Months (+0.5248); Contract_Month-to-month (+0.3151); Contract_Two year (+0.2166)
6507-ZJSUR,0.6632,1,Tenure Months (+0.5248); Contract_Month-to-month (+0.3151); Contract_Two year (+0.2166)
3365-SAIGS,0.5114,1,Tenure Months (+0.5248); Contract_Month-to-month (+0.3151); Contract_Two year (+0.2166)
9979-RGMZT,0.4745,1,Tenure Months (+0.5248); Contract_Month-to-month (+0.3151); Contract_Two year (+0.2166)
4640-UHDOS,0.3627,1,Tenure Months (+0.5248); Contract_Month-to-month (+0.3151); Contract_Two year (+0.2166)
1867-BDVFH,0.7292,1,Tenure Months (+0.5248); Contract_Month-to-month (+0.3151); Contract_Two year (+0.2166)
8622-ZLFKO,0.8048,1,Tenure Months (+0.5248); Contract_Month-to-month (+0.3151); Contract_Two year (+0.2166)
2692-PFYTJ,0.3982,1,Tenure Months (+0.5248); Contract_Month-to-month (+0.3151); Contract_Two year (+0.2166)
5828-AVIPD,0.5089,1,Tenure Months (+0.5248); Contract_Month-to-month (+0.3151); Contract_Two year (+0.2166)
5226-NOZFC,0.454,1,Tenure Months (+0.5248); Contract_Month-to-month (+0.3151); Contract_Two year (+0.2166)
3466-RITXD,0.3709,1,Tenure Months (+0.5248); Contract_Month-to-month (+0.3151); Contract_Two year (+0.2166)
7278-CKDNC,0.5254,1,Tenure Months (+0.5248); Contract_Month-to-month (+0.3151); Contract_Two year (+0.2166)
6034-YMTOB,0.5144,1,Tenure Months (+0.5248); Contract_Month-to-month (+0.3151); Contract_Two year (+0.2166)
5609-IMCGG,0.411,1,Tenure Months (+0.5248); Contract_Month-to-month (+0.3151); Contract_Two year (+0.2166)
2959-MJHIC,0.7939,1,Tenure Months (+0.5248); Contract_Month-to-month (+0.3151); Contract_Two year (+0.2166)
1319-YLZJG,0.5167,1,Tenure Months (+0.5248); Contract_Month-to-month (+0.3151); Contract_Two year (+0.2166)
5759-RCVCB,0.5023,1,Tenure Months (+0.5248); Contract_Month-to-month (+0.3151); Contract_Two year (+0.2166)
7005-CCBKV,0.6845,1,Tenure Months (+0.5248); Contract_Month-to-month (+0.3151); Contract_Two year (+0.2166)
0430-IHCDJ,0.3963,1,Tenure Months (+0.5248); Contract_Month-to-month (+0.3151); Contract_Two year (+0.2166)
0749-IRGQE,0.5777,1,Tenure Months (+0.5248); Contract_Month-to-month (+0.3151); Contract_Two year (+0.2166)
8739-XNIKG,0.7946,1,Tenure Months (+0.5248); Contract_Month-to-month (+0.3151); Contract_Two year (+0.2166)
5760-FXFVO,0.5278,1,Tenure Months (+0.5248); Contract_Month-to-month (+0.3151); Contract_Two year (+0.2166)
9685-WKZGT,0.6103,1,Tenure Months (+0.5248); Contract_Month-to-month (+0.3151); Contract_Two year (+0.2166)
2139-FQHLM,0.3067,1,Tenure Months (+0.5248); Contract_Month-to-month (+0.3151); Contract_Two year (+0.2166)
0004-TLHLJ,0.6762,1,Tenure Months (+0.5248); Contract_Month-to-month (+0.3151); Contract_Two year (+0.2166)
8699-ASUFO,0.7172,1,Tenure Months (+0.5248); Contract_Month-to-month (+0.3151); Contract_Two year (+0.2166)
7404-JLKQG,0.4774,1,Tenure Months (+0.5248); Contract_Month-to-month (+0.3151); Contract_Two year (+0.2166)
8993-PHFWD,0.5012,1,Tenure Months (+0.5248); Contract_Month-to-month (+0.3151); Contract_Two year (+0.2166)
1965-DDBWU,0.4871,1,Tenure Months (+0.5248); Contract_Month-to-month (+0.3151); Contract_Two year (+0.2166)
6854-EXGSF,0.3197,1,Tenure Months (+0.5248); Contract_Month-to-month (+0.3151); Contract_Two year (+0.2166)
1310-QRITU,0.376,1,Tenure Months (+0.5248); Contract_Month-to-month (+0.3151); Contract_Two year (+0.2166)
6542-LWGXJ,0.504,1,Tenure Months (+0.5248); Contract_Month-to-month (+0.3151); Contract_Two year (+0.2166)
1848-LBZHY,0.3222,1,Tenure Months (+0.5248); Contract_Month-to-month (+0.3151); Contract_Two year (+0.2166)
1475-VWVDO,0.6193,1,Tenure Months (+0.5248); Contract_Month-to-month (+0.3151); Contract_Two year (+0.2166)
0096-BXERS,0.5084,1,Tenure Months (+0.5248); Contract_Month-to-month (+0.3151); Contract_Two year (+0.2166)
6704-UTUKK,0.5538,1,Tenure Months (+0.5248); Contract_Month-to-month (+0.3151); Contract_Two year (+0.2166)
8158-WPEZG,0.4152,1,Tenure Months (+0.5248); Contract_Month-to-month (+0.3151); Contract_Two year (+0.2166)
6137-NICCO,0.4061,1,Tenure Months (+0.5248); Contract_Month-to-month (+0.3151); Contract_Two year (+0.2166)
6376-GAHQE,0.6641,1,Tenure Months (+0.5248); Contract_Month-to-month (+0.3151); Contract_Two year (+0.2166)
2057-ZBLPD,0.6823,1,Tenure Months (+0.5248); Contract_Month-to-month (+0.3151); Contract_Two year (+0.2166)
2257-BOVXD,0.3856,1,Tenure Months (+0.5248); Contract_Month-to-month (+0.3151); Contract_Two year (+0.2166)
3594-KADLU,0.3566,1,Tenure Months (+0.5248); Contract_Month-to-month (+0.3151); Contract_Two year (+0.2166)
6429-SHBCB,0.3554,1,Tenure Months (+0.5248); Contract_Month-to-month (+0.3151); Contract_Two year (+0.2166)
7855-DIWPO,0.4556,1,Tenure Months (+0.5248); Contract_Month-to-month (+0.3151); Contract_Two year (+0.2166)
2203-GHNWN,0.5261,1,Tenure Months (+0.5248); Contract_Month-to-month (+0.3151); Contract_Two year (+0.2166)
2960-NKRSO,0.338,1,Tenure Months (+0.5248); Contract_Month-to-month (+0.3151); Contract_Two year (+0.2166)
6705-LXORM,0.6371,1,Tenure Months (+0.5248); Contract_Month-to-month (+0.3151); Contract_Two year (+0.2166)
7130-VTEWQ,0.7085,1,Tenure Months (+0.5248); Contract_Month-to-month (+0.3151); Contract_Two year (+0.2166)
4248-QPAVC,0.4859,1,Tenure Months (+0.5248); Contract_Month-to-month (+0.3151); Contract_Two year (+0.2166)
5480-HPRRX,0.5182,1,Tenure Months (+0.5248); Contract_Month-to-month (+0.3151); Contract_Two year (+0.2166)
9334-GWGOW,0.7703,1,Tenure Months (+0.5248); Contract_Month-to-month (+0.3151); Contract_Two year (+0.2166)
0581-BXBUB,0.5765,1,Tenure Months (+0.5248); Contract_Month-to-month (+0.3151); Contract_Two year (+0.2166)
2770-NSVDG,0.3602,1,Tenure Months (+0.5248); Contract_Month-to-month (+0.3151); Contract_Two year (+0.2166)
8752-STIVR,0.7393,1,Tenure Months (+0.5248); Contract_Month-to-month (+0.3151); Contract_Two year (+0.2166)
8623-ULFNQ,0.3246,1,Tenure Months (+0.5248); Contract_Month-to-month (+0.3151); Contract_Two year (+0.2166)
2187-PKZAY,0.5635,1,Tenure Months (+0.5248); Contract_Month-to-month (+0.3151); Contract_Two year (+0.2166)
8161-QYMTT,0.8206,1,Tenure Months (+0.5248); Contract_Month-to-month (+0.3151); Contract_Two year (+0.2166)
6834-NXDCA,0.4435,1,Tenure Months (+0.5248); Contract_Month-to-month (+0.3151); Contract_Two year (+0.2166)
4993-JCRGJ,0.366,1,Tenure Months (+0.5248); Contract_Month-to-month (+0.3151); Contract_Two year (+0.2166)
0581-MDMPW,0.5074,1,Tenure Months (+0.5248); Contract_Month-to-month (+0.3151); Contract_Two year (+0.2166)
3018-TFTSU,0.3127,1,Tenure Months (+0.5248); Contract_Month-to-month (+0.3151); Contract_Two year (+0.2166)
6557-BZXLQ,0.4098,1,Tenure Months (+0.5248); Contract_Month-to-month (+0.3151); Contract_Two year (+0.2166)
2432-TFSMK,0.365,1,Tenure Months (+0.5248); Contract_Month-to-month (+0.3151); Contract_Two year (+0.2166)
7249-WBIYX,0.7895,1,Tenure Months (+0.5248); Contract_Month-to-month (+0.3151); Contract_Two year (+0.2166)
8739-WWKDU,0.5697,1,Tenure Months (+0.5248); Contract_Month-to-month (+0.3151); Contract_Two year (+0.2166)
2077-MPJQO,0.7746,1,Tenure Months (+0.5248); Contract_Month-to-month (+0.3151); Contract_Two year (+0.2166)
7181-OQCUT,0.4421,1,Tenure Months (+0.5248); Contract_Month-to-month (+0.3151); Contract_Two year (+0.2166)
2845-HSJCY,0.7173,1,Tenure Months (+0.5248); Contract_Month-to-month (+0.3151); Contract_Two year (+0.2166)
3374-LXDEV,0.4052,1,Tenure Months (+0.5248); Contract_Month-to-month (+0.3151); Contract_Two year (+0.2166)
4806-KEXQR,0.7442,1,Tenure Months (+0.5248); Contract_Month-to-month (+0.3151); Contract_Two year (+0.2166)
4647-MUZON,0.5912,1,Tenure Months (+0.5248); Contract_Month-to-month (+0.3151); Contract_Two year (+0.2166)
2277-VWCNI,0.406,1,Tenure Months (+0.5248); Contract_Month-to-month (+0.3151); Contract_Two year (+0.2166)
8361-LTMKD,0.7668,1,Tenure Months (+0.5248); Contract_Month-to-month (+0.3151); Contract_Two year (+0.2166)
3320-VEOYC,0.7344,1,Tenure Months (+0.5248); Contract_Month-to-month (+0.3151); Contract_Two year (+0.2166)
0958-YHXGP,0.5522,1,Tenure Months (+0.5248); Contract_Month-to-month (+0.3151); Contract_Two year (+0.2166)
1816-FLZDK,0.4382,1,Tenure Months (+0.5248); Contract_Month-to-month (+0.3151); Contract_Two year (+0.2166)
1436-ZMJAN,0.5015,1,Tenure Months (+0.5248); Contract_Month-to-month (+0.3151); Contract_Two year (+0.2166)
7354-OIJLX,0.6941,1,Tenure Months (+0.5248); Contract_Month-to-month (+0.3151); Contract_Two year (+0.2166)
3197-ARFOY,0.3543,1,Tenure Months (+0.5248); Contract_Month-to-month (+0.3151); Contract_Two year (+0.2166)
5698-BQJOH,0.3807,1,Tenure Months (+0.5248); Contract_Month-to-month (+0.3151); Contract_Two year (+0.2166)
2309-OSFEU,0.5161,1,Tenure Months (+0.5248); Contract_Month-to-month (+0.3151); Contract_Two year (+0.2166)
7503-QQRVF,0.445,1,Tenure Months (+0.5248); Contract_Month-to-month (+0.3151); Contract_Two year (+0.2166)
7504-UWHNB,0.3381,1,Tenure Months (+0.5248); Contract_Month-to-month (+0.3151); Contract_Two year (+0.2166)
2955-BJZHG,0.5349,1,Tenure Months (+0.5248); Contract_Month-to-month (+0.3151); Contract_Two year (+0.2166)
9048-JVYVF,0.5846,1,Tenure Months (+0.5248); Contract_Month-to-month (+0.3151); Contract_Two year (+0.2166)
0682-USIXD,0.5184,1,Tenure Months (+0.5248); Contract_Month-to-month (+0.3151); Contract_Two year (+0.2166)
9050-QLROH,0.549,1,Tenure Months (+0.5248); Contract_Month-to-month (+0.3151); Contract_Two year (+0.2166)
9512-UIBFX,0.5241,1,Tenure Months (+0.5248); Contract_Month-to-month (+0.3151); Contract_Two year (+0.2166)
6331-LWDTQ,0.5483,1,Tenure Months (+0.5248); Contract_Month-to-month (+0.3151); Contract_Two year (+0.2166)
8884-ADFVN,0.8647,1,Tenure Months (+0.5248); Contract_Month-to-month (+0.3151); Contract_Two year (+0.2166)
9279-CJEOJ,0.621,1,Tenure Months (+0.5248); Contract_Month-to-month (+0.3151); Contract_Two year (+0.2166)
2985-FMWYF,0.6781,1,Tenure Months (+0.5248); Contract_Month-to-month (+0.3151); Contract_Two year (+0.2166)
3540-RZJYU,0.3882,1,Tenure Months (+0.5248); Contract_Month-to-month (+0.3151); Contract_Two year (+0.2166)
6861-XWTWQ,0.8608,1,Tenure Months (+0.5248); Contract_Month-to-month (+0.3151); Contract_Two year (+0.2166)
0841-NULXI,0.7507,1,Tenure Months (+0.5248); Contract_Month-to-month (+0.3151); Contract_Two year (+0.2166)
0322-CHQRU,0.4377,1,Tenure Months (+0.5248); Contract_Month-to-month (+0.3151); Contract_Two year (+0.2166)
3587-PMCOY,0.4609,1,Tenure Months (+0.5248); Contract_Month-to-month (+0.3151); Contract_Two year (+0.2166)
0655-RBDUG,0.7641,1,Tenure Months (+0.5248); Contract_Month-to-month (+0.3151); Contract_Two year (+0.2166)
3569-EDBPQ,0.3648,1,Tenure Months (+0.5248); Contract_Month-to-month (+0.3151); Contract_Two year (+0.2166)
5382-SOYZL,0.6844,1,Tenure Months (+0.5248); Contract_Month-to-month (+0.3151); Contract_Two year (+0.2166)
4154-AQUGT,0.4707,1,Tenure Months (+0.5248); Contract_Month-to-month (+0.3151); Contract_Two year (+0.2166)
0376-YMCJC,0.5318,1,Tenure Months (+0.5248); Contract_Month-to-month (+0.3151); Contract_Two year (+0.2166)
7410-YTJIK,0.5532,1,Tenure Months (+0.5248); Contract_Month-to-month (+0.3151); Contract_Two year (+0.2166)
9927-DSWDF,0.4583,1,Tenure Months (+0.5248); Contract_Month-to-month (+0.3151); Contract_Two year (+0.2166)
9692-TUSXH,0.5273,1,Tenure Months (+0.5248); Contract_Month-to-month (+0.3151); Contract_Two year (+0.2166)
3094-JOJAI,0.4101,1,Tenure Months (+0.5248); Contract_Month-to-month (+0.3151); Contract_Two year (+0.2166)
4873-ILOLJ,0.5825,1,Tenure Months (+0.5248); Contract_Month-to-month (+0.3151); Contract_Two year (+0.2166)
6729-GDNGC,0.3728,1,Tenure Months (+0.5248); Contract_Month-to-month (+0.3151); Contract_Two year (+0.2166)
6338-AVWCY,0.6197,1,Tenure Months (+0.5248); Contract_Month-to-month (+0.3151); Contract_Two year (+0.2166)
7876-BEUTG,0.3233,1,Tenure Months (+0.5248); Contract_Month-to-month (+0.3151); Contract_Two year (+0.2166)
5628-FCGYG,0.6178,1,Tenure Months (+0.5248); Contract_Month-to-month (+0.3151); Contract_Two year (+0.2166)
0506-LVNGN,0.577,1,Tenure Months (+0.5248); Contract_Month-to-month (+0.3151); Contract_Two year (+0.2166)
4329-YPDDQ,0.3291,1,Tenure Months (+0.5248); Contract_Month-to-month (+0.3151); Contract_Two year (+0.2166)
9227-LUNBG,0.5687,1,Tenure Months (+0.5248); Contract_Month-to-month (+0.3151); Contract_Two year (+0.2166)
7055-HNEOJ,0.4207,1,Tenure Months (+0.5248); Contract_Month-to-month (+0.3151); Contract_Two year (+0.2166)
8541-QVFKM,0.6974,1,Tenure Months (+0.5248); Contract_Month-to-month (+0.3151); Contract_Two year (+0.2166)
7129-ACFOG,0.458,1,Tenure Months (+0.5248); Contract_Month-to-month (+0.3151); Contract_Two year (+0.2166)
2495-INZWQ,0.7263,1,Tenure Months (+0.5248); Contract_Month-to-month (+0.3151); Contract_Two year (+0.2166)
5438-QMDDL,0.3112,1,Tenure Months (+0.5248); Contract_Month-to-month (+0.3151); Contract_Two year (+0.2166)
6821-BUXUX,0.5632,1,Tenure Months (+0.5248); Contract_Month-to-month (+0.3151); Contract_Two year (+0.2166)
7861-UVUFT,0.6303,1,Tenure Months (+0.5248); Contract_Month-to-month (+0.3151); Contract_Two year (+0.2166)
5228-EXCET,0.5783,1,Tenure Months (+0.5248); Contract_Month-to-month (+0.3151); Contract_Two year (+0.2166)
7912-SYRQT,0.6381,1,Tenure Months (+0.5248); Contract_Month-to-month (+0.3151); Contract_Two year (+0.2166)
6630-UJZMY,0.8542,1,Tenure Months (+0.5248); Contract_Month-to-month (+0.3151); Contract_Two year (+0.2166)
1559-DTODC,0.3343,1,Tenure Months (+0.5248); Contract_Month-to-month (+0.3151); Contract_Two year (+0.2166)
0023-XUOPT,0.622,1,Tenure Months (+0.5248); Contract_Month-to-month (+0.3151); Contract_Two year (+0.2166)
6543-CPZMK,0.569,1,Tenure Months (+0.5248); Contract_Month-to-month (+0.3151); Contract_Two year (+0.2166)
4818-QIUFN,0.4753,1,Tenure Months (+0.5248); Contract_Month-to-month (+0.3151); Contract_Two year (+0.2166)
0778-NELLA,0.5133,1,Tenure Months (+0.5248); Contract_Month-to-month (+0.3151); Contract_Two year (+0.2166)
7495-OOKFY,0.3059,1,Tenure Months (+0.5248); Contract_Month-to-month (+0.3151); Contract_Two year (+0.2166)
2988-PLAHS,0.4747,1,Tenure Months (+0.5248); Contract_Month-to-month (+0.3151); Contract_Two year (+0.2166)
8601-QACRS,0.4706,1,Tenure Months (+0.5248); Contract_Month-to-month (+0.3151); Contract_Two year (+0.2166)
5357-TZHPP,0.6805,1,Tenure Months (+0.5248); Contract_Month-to-month (+0.3151); Contract_Two year (+0.2166)
7235-NXZCP,0.7885,2,Charges Per Tenure (+0.8543); Tenure Months (+0.7730); Contract_Month-to-month (+0.3203)
9611-CTWIH,0.8222,2,Charges Per Tenure (+0.8543); Tenure Months (+0.7730); Contract_Month-to-month (+0.3203)
2034-GDRCN,0.863,2,Charges Per Tenure (+0.8543); Tenure Months (+0.7730); Contract_Month-to-month (+0.3203)
4415-IJZTP,0.8802,2,Charges Per Tenure (+0.8543); Tenure Months (+0.7730); Contract_Month-to-month (+0.3203)
4927-WWOOZ,0.9057,2,Charges Per Tenure (+0.8543); Tenure Months (+0.7730); Contract_Month-to-month (+0.3203)
7181-BQYBV,0.9471,2,Charges Per Tenure (+0.8543); Tenure Months (+0.7730); Contract_Month-to-month (+0.3203)
3658-KIBGF,0.5133,2,Charges Per Tenure (+0.8543); Tenure Months (+0.7730); Contract_Month-to-month (+0.3203)
8821-XNHVZ,0.8765,2,Charges Per Tenure (+0.8543); Tenure Months (+0.7730); Contract_Month-to-month (+0.3203)
0970-ETWGE,0.9175,2,Charges Per Tenure (+0.8543); Tenure Months (+0.7730); Contract_Month-to-month (+0.3203)
0432-CAJZV,0.7109,2,Charges Per Tenure (+0.8543); Tenure Months (+0.7730); Contract_Month-to-month (+0.3203)
6910-HADCM,0.7816,2,Charges Per Tenure (+0.8543); Tenure Months (+0.7730); Contract_Month-to-month (+0.3203)
5376-DEQCP,0.8249,2,Charges Per Tenure (+0.8543); Tenure Months (+0.7730); Contract_Month-to-month (+0.3203)
3966-HRMZA,0.5674,2,Charges Per Tenure (+0.8543); Tenure Months (+0.7730); Contract_Month-to-month (+0.3203)
8258-GSTJK,0.8016,2,Charges Per Tenure (+0.8543); Tenure Months (+0.7730); Contract_Month-to-month (+0.3203)
5692-FPTAH,0.5238,2,Charges Per Tenure (+0.8543); Tenure Months (+0.7730); Contract_Month-to-month (+0.3203)
2514-GINMM,0.8787,2,Charges Per Tenure (+0.8543); Tenure Months (+0.7730); Contract_Month-to-month (+0.3203)
1471-GIQKQ,0.4928,2,Charges Per Tenure (+0.8543); Tenure Months (+0.7730); Contract_Month-to-month (+0.3203)
7180-PISOG,0.9077,2,Charges Per Tenure (+0.8543); Tenure Months (+0.7730); Contract_Month-to-month (+0.3203)
9747-DDZOS,0.7063,2,Charges Per Tenure (+0.8543); Tenure Months (+0.7730); Contract_Month-to-month (+0.3203)
0388-EOPEX,0.74,2,Charges Per Tenure (+0.8543); Tenure Months (+0.7730); Contract_Month-to-month (+0.3203)
9752-ZNQUT,0.5751,2,Charges Per Tenure (+0.8543); Tenure Months (+0.7730); Contract_Month-to-month (+0.3203)
0235-KGSLC,0.8446,2,Charges Per Tenure (+0.8543); Tenure Months (+0.7730); Contract_Month-to-month (+0.3203)
3722-WPXTK,0.9154,2,Charges Per Tenure (+0.8543); Tenure Months (+0.7730); Contract_Month-to-month (+0.3203)
1536-HBSWP,0.5362,2,Charges Per Tenure (+0.8543); Tenure Months (+0.7730); Contract_Month-to-month (+0.3203)
8266-VBFQL,0.6894,2,Charges Per Tenure (+0.8543); Tenure Months (+0.7730); Contract_Month-to-month (+0.3203)
2325-NBPZG,0.6349,2,Charges Per Tenure (+0.8543); Tenure Months (+0.7730); Contract_Month-to-month (+0.3203)
5442-BHQNG,0.6775,2,Charges Per Tenure (+0.8543); Tenure Months (+0.7730); Contract_Month-to-month (+0.3203)
6166-ILMNY,0.6052,2,Charges Per Tenure (+0.8543); Tenure Months (+0.7730); Contract_Month-to-month (+0.3203)
1820-TQVEV,0.8264,2,Charges Per Tenure (+0.8543); Tenure Months (+0.7730); Contract_Month-to-month (+0.3203)
1541-ETJZO,0.5225,2,Charges Per Tenure (+0.8543); Tenure Months (+0.7730); Contract_Month-to-month (+0.3203)
6230-BSUXY,0.8893,2,Charges Per Tenure (+0.8543); Tenure Months (+0.7730); Contract_Month-to-month (+0.3203)
4237-RLAQD,0.53,2,Charges Per Tenure (+0.8543); Tenure Months (+0.7730); Contract_Month-to-month (+0.3203)
7571-YXDAD,0.6915,2,Charges Per Tenure (+0.8543); Tenure Months (+0.7730); Contract_Month-to-month (+0.3203)
4713-LZDRV,0.8265,2,Charges Per Tenure (+0.8543); Tenure Months (+0.7730); Contract_Month-to-month (+0.3203)
4983-CCWMC,0.6467,2,Charges Per Tenure (+0.8543); Tenure Months (+0.7730); Contract_Month-to-month (+0.3203)
2867-UIMSS,0.8359,2,Charges Per Tenure (+0.8543); Tenure Months (+0.7730); Contract_Month-to-month (+0.3203)
0258-NOKBL,0.6905,2,Charges Per Tenure (+0.8543); Tenure Months (+0.7730); Contract_Month-to-month (+0.3203)
9878-TNQGW,0.8194,2,Charges Per Tenure (+0.8543); Tenure Months (+0.7730); Contract_Month-to-month (+0.3203)
7952-OBOYL,0.6607,2,Charges Per Tenure (+0.8543); Tenure Months (+0.7730); Contract_Month-to-month (+0.3203)
3717-OEAUQ,0.6113,2,Charges Per Tenure (+0.8543); Tenure Months (+0.7730); Contract_Month-to-month (+0.3203)
3932-CMDTD,0.568,2,Charges Per Tenure (+0.8543); Tenure Months (+0.7730); Contract_Month-to-month (+0.3203)
1731-TVIUK,0.7417,2,Charges Per Tenure (+0.8543); Tenure Months (+0.7730); Contract_Month-to-month (+0.3203)
0685-MLYYM,0.694,2,Charges Per Tenure (+0.8543); Tenure Months (+0.7730); Contract_Month-to-month (+0.3203)
1448-PWKYE,0.8692,2,Charges Per Tenure (+0.8543); Tenure Months (+0.7730); Contract_Month-to-month (+0.3203)
9717-QEBGU,0.7548,2,Charges Per Tenure (+0.8543); Tenure Months (+0.7730); Contract_Month-to-month (+0.3203)
4317-VTEOA,0.5904,2,Charges Per Tenure (+0.8543); Tenure Months (+0.7730); Contract_Month-to-month (+0.3203)
8380-PEFPE,0.8304,2,Charges Per Tenure (+0.8543); Tenure Months (+0.7730); Contract_Month-to-month (+0.3203)
9248-OJYKK,0.8912,2,Charges Per Tenure (+0.8543); Tenure Months (+0.7730); Contract_Month-to-month (+0.3203)
9057-SIHCH,0.8823,2,Charges Per Tenure (+0.8543); Tenure Months (+0.7730); Contract_Month-to-month (+0.3203)
5542-TBBWB,0.8275,2,Charges Per Tenure (+0.8543); Tenure Months (+0.7730); Contract_Month-to-month (+0.3203)
6023-YEBUP,0.8878,2,Charges Per Tenure (+0.8543); Tenure Months (+0.7730); Contract_Month-to-month (+0.3203)
9940-RHLFB,0.7775,2,Charges Per Tenure (+0.8543); Tenure Months (+0.7730); Contract_Month-to-month (+0.3203)
8593-WHYHV,0.8409,2,Charges Per Tenure (+0.8543); Tenure Months (+0.7730); Contract_Month-to-month (+0.3203)
4678-DVQEO,0.5491,2,Charges Per Tenure (+0.8543); Tenure Months (+0.7730); Contract_Month-to-month (+0.3203)
3519-ZKXGG,0.8339,2,Charges Per Tenure (+0.8543); Tenure Months (+0.7730); Contract_Month-to-month (+0.3203)
6857-VWJDT,0.903,2,Charges Per Tenure (+0.8543); Tenure Months (+0.7730); Contract_Month-to-month (+0.3203)
5419-CONWX,0.7342,2,Charges Per Tenure (+0.8543); Tenure Months (+0.7730); Contract_Month-to-month (+0.3203)
8445-DNBAE,0.3472,2,Charges Per Tenure (+0.8543); Tenure Months (+0.7730); Contract_Month-to-month (+0.3203)
1320-HTRDR,0.7857,2,Charges Per Tenure (+0.8543); Tenure Months (+0.7730); Contract_Month-to-month (+0.3203)
2254-DLXRI,0.8381,2,Charges Per Tenure (+0.8543); Tenure Months (+0.7730); Contract_Month-to-month (+0.3203)
5339-PXDVH,0.6927,2,Charges Per Tenure (+0.8543); Tenure Months (+0.7730); Contract_Month-to-month (+0.3203)
2386-LAHRK,0.6242,2,Charges Per Tenure (+0.8543); Tenure Months (+0.7730); Contract_Month-to-month (+0.3203)
3716-BDVDB,0.8249,2,Charges Per Tenure (+0.8543); Tenure Months (+0.7730); Contract_Month-to-month (+0.3203)
7409-KIUTL,0.8333,2,Charges Per Tenure (+0.8543); Tenure Months (+0.7730); Contract_Month-to-month (+0.3203)
2202-CUYXZ,0.8867,2,Charges Per Tenure (+0.8543); Tenure Months (+0.7730); Contract_Month-to-month (+0.3203)
5709-LVOEQ,0.6718,2,Charges Per Tenure (+0.8543); Tenure Months (+0.7730); Contract_Month-to-month (+0.3203)
6372-RFVNS,0.8658,2,Charges Per Tenure (+0.8543); Tenure Months (+0.7730); Contract_Month-to-month (+0.3203)
1143-NMNQJ,0.872,2,Charges Per Tenure (+0.8543); Tenure Months (+0.7730); Contract_Month-to-month (+0.3203)
5196-SGOAK,0.8183,2,Charges Per Tenure (+0.8543); Tenure Months (+0.7730); Contract_Month-to-month (+0.3203)
5186-SAMNZ,0.7817,2,Charges Per Tenure (+0.8543); Tenure Months (+0.7730); Contract_Month-to-month (+0.3203)
7817-BOQPW,0.8278,2,Charges Per Tenure (+0.8543); Tenure Months (+0.7730); Contract_Month-to-month (+0.3203)
9643-AVVWI,0.3281,2,Charges Per Tenure (+0.8543); Tenure Months (+0.7730); Contract_Month-to-month (+0.3203)
5167-ZFFMM,0.8864,2,Charges Per Tenure (+0.8543); Tenure Months (+0.7730); Contract_Month-to-month (+0.3203)
6608-QQLVK,0.6171,2,Charges Per Tenure (+0.8543); Tenure Months (+0.7730); Contract_Month-to-month (+0.3203)
3721-CNEYS,0.7523,2,Charges Per Tenure (+0.8543); Tenure Months (+0.7730); Contract_Month-to-month (+0.3203)
2545-EBUPK,0.8774,2,Charges Per Tenure (+0.8543); Tenure Months (+0.7730); Contract_Month-to-month (+0.3203)
7663-RGWBC,0.5205,2,Charges Per Tenure (+0.8543); Tenure Months (+0.7730); Contract_Month-to-month (+0.3203)
6077-BDPXA,0.7026,2,Charges Per Tenure (+0.8543); Tenure Months (+0.7730); Contract_Month-to-month (+0.3203)
8080-DDEMJ,0.5215,2,Charges Per Tenure (+0.8543); Tenure Months (+0.7730); Contract_Month-to-month (+0.3203)
1853-UDXBW,0.8615,2,Charges Per Tenure (+0.8543); Tenure Months (+0.7730); Contract_Month-to-month (+0.3203)
7054-LGEQW,0.4368,2,Charges Per Tenure (+0.8543); Tenure Months (+0.7730); Contract_Month-to-month (+0.3203)
9507-EXLTT,0.8705,2,Charges Per Tenure (+0.8543); Tenure Months (+0.7730); Contract_Month-to-month (+0.3203)
6856-RAURS,0.7729,2,Charges Per Tenure (+0.8543); Tenure Months (+0.7730); Contract_Month-to-month (+0.3203)
3006-XIMLN,0.8756,2,Charges Per Tenure (+0.8543); Tenure Months (+0.7730); Contract_Month-to-month (+0.3203)
3750-CKVKH,0.7448,2,Charges Per Tenure (+0.8543); Tenure Months (+0.7730); Contract_Month-to-month (+0.3203)
1628-BIZYP,0.8734,2,Charges Per Tenure (+0.8543); Tenure Months (+0.7730); Contract_Month-to-month (+0.3203)
1980-KXVPM,0.7333,2,Charges Per Tenure (+0.8543); Tenure Months (+0.7730); Contract_Month-to-month (+0.3203)
2761-OCIAX,0.7512,2,Charges Per Tenure (+0.8543); Tenure Months (+0.7730); Contract_Month-to-month (+0.3203)
8280-MQRQN,0.5415,2,Charges Per Tenure (+0.8543); Tenure Months (+0.7730); Contract_Month-to-month (+0.3203)
7851-FLGGQ,0.6237,2,Charges Per Tenure (+0.8543); Tenure Months (+0.7730); Contract_Month-to-month (+0.3203)
1895-QTKDO,0.4085,2,Charges Per Tenure (+0.8543); Tenure Months (+0.7730); Contract_Month-to-month (+0.3203)
1942-OQFRW,0.5029,2,Charges Per Tenure (+0.8543); Tenure Months (+0.7730); Contract_Month-to-month (+0.3203)
6680-WKXRZ,0.6429,2,Charges Per Tenure (+0.8543); Tenure Months (+0.7730); Contract_Month-to-month (+0.3203)
4512-ZUIYL,0.6042,2,Charges Per Tenure (+0.8543); Tenure Months (+0.7730); Contract_Month-to-month (+0.3203)
9732-KPKBW,0.465,2,Charges Per Tenure (+0.8543); Tenure Months (+0.7730); Contract_Month-to-month (+0.3203)
5501-TVMGM,0.6963,2,Charges Per Tenure (+0.8543); Tenure Months (+0.7730); Contract_Month-to-month (+0.3203)
3422-LYEPQ,0.8642,2,Charges Per Tenure (+0.8543); Tenure Months (+0.7730); Contract_Month-to-month (+0.3203)
5178-LMXOP,0.9615,2,Charges Per Tenure (+0.8543); Tenure Months (+0.7730); Contract_Month-to-month (+0.3203)
1069-XAIEM,0.9231,2,Charges Per Tenure (+0.8543); Tenure Months (+0.7730); Contract_Month-to-month (+0.3203)
2672-OJQZP,0.4302,2,Charges Per Tenure (+0.8543); Tenure Months (+0.7730); Contract_Month-to-month (+0.3203)
3707-GNWHM,0.8466,2,Charges Per Tenure (+0.8543); Tenure Months (+0.7730); Contract_Month-to-month (+0.3203)
5159-YFPKQ,0.7625,2,Charges Per Tenure (+0.8543); Tenure Months (+0.7730); Contract_Month-to-month (+0.3203)
5052-PNLOS,0.8345,2,Charges Per Tenure (+0.8543); Tenure Months (+0.7730); Contract_Month-to-month (+0.3203)
7218-HKQFK,0.8625,2,Charges Per Tenure (+0.8543); Tenure Months (+0.7730); Contract_Month-to-month (+0.3203)
1400-MMYXY,0.9084,2,Charges Per Tenure (+0.8543); Tenure Months (+0.7730); Contract_Month-to-month (+0.3203)
9576-ANLXO,0.6377,2,Charges Per Tenure (+0.8543); Tenure Months (+0.7730); Contract_Month-to-month (+0.3203)
8757-TFHHJ,0.437,2,Charges Per Tenure (+0.8543); Tenure Months (+0.7730); Contract_Month-to-month (+0.3203)
8676-TRMJS,0.6549,2,Charges Per Tenure (+0.8543); Tenure Months (+0.7730); Contract_Month-to-month (+0.3203)
3334-CTHOL,0.6264,2,Charges Per Tenure (+0.8543); Tenure Months (+0.7730); Contract_Month-to-month (+0.3203)
2865-TCHJW,0.822,2,Charges Per Tenure (+0.8543); Tenure Months (+0.7730); Contract_Month-to-month (+0.3203)
4706-DGAHW,0.5221,2,Charges Per Tenure (+0.8543); Tenure Months (+0.7730); Contract_Month-to-month (+0.3203)
7198-GLXTC,0.7499,2,Charges Per Tenure (+0.8543); Tenure Months (+0.7730); Contract_Month-to-month (+0.3203)
5133-POWUA,0.5297,2,Charges Per Tenure (+0.8543); Tenure Months (+0.7730); Contract_Month-to-month (+0.3203)
0295-PPHDO,0.9478,2,Charges Per Tenure (+0.8543); Tenure Months (+0.7730); Contract_Month-to-month (+0.3203)
8775-ERLNB,0.8775,2,Charges Per Tenure (+0.8543); Tenure Months (+0.7730); Contract_Month-to-month (+0.3203)
0390-DCFDQ,0.52,2,Charges Per Tenure (+0.8543); Tenure Months (+0.7730); Contract_Month-to-month (+0.3203)
6048-QBXKL,0.543,2,Charges Per Tenure (+0.8543); Tenure Months (+0.7730); Contract_Month-to-month (+0.3203)
9804-ICWBG,0.8275,2,Charges Per Tenure (+0.8543); Tenure Months (+0.7730); Contract_Month-to-month (+0.3203)
3063-QFSZL,0.6939,2,Charges Per Tenure (+0.8543); Tenure Months (+0.7730); Contract_Month-to-month (+0.3203)
2609-IAICY,0.8864,2,Charges Per Tenure (+0.8543); Tenure Months (+0.7730); Contract_Month-to-month (+0.3203)
0923-PNFUB,0.6794,2,Charges Per Tenure (+0.8543); Tenure Months (+0.7730); Contract_Month-to-month (+0.3203)
4342-HENTK,0.7618,2,Charges Per Tenure (+0.8543); Tenure Months (+0.7730); Contract_Month-to-month (+0.3203)
4090-KPJIP,0.7834,2,Charges Per Tenure (+0.8543); Tenure Months (+0.7730); Contract_Month-to-month (+0.3203)
2737-YNGYW,0.7591,2,Charges Per Tenure (+0.8543); Tenure Months (+0.7730); Contract_Month-to-month (+0.3203)
8375-DKEBR,0.8315,2,Charges Per Tenure (+0.8543); Tenure Months (+0.7730); Contract_Month-to-month (+0.3203)
3627-FHKBK,0.6473,2,Charges Per Tenure (+0.8543); Tenure Months (+0.7730); Contract_Month-to-month (+0.3203)
3877-JRJIP,0.7862,2,Charges Per Tenure (+0.8543); Tenure Months (+0.7730); Contract_Month-to-month (+0.3203)
8985-OOPOS,0.3898,2,Charges Per Tenure (+0.8543); Tenure Months (+0.7730); Contract_Month-to-month (+0.3203)
3244-DCJWY,0.8238,2,Charges Per Tenure (+0.8543); Tenure Months (+0.7730); Contract_Month-to-month (+0.3203)
0679-IDSTG,0.8659,2,Charges Per Tenure (+0.8543); Tenure Months (+0.7730); Contract_Month-to-month (+0.3203)
4029-HPFVY,0.6468,2,Charges Per Tenure (+0.8543); Tenure Months (+0.7730); Contract_Month-to-month (+0.3203)
